title,price,image
Сотовый телефон BRAVIS Trend черный,8220 сом,/images/product/27142/27142.jpg
Сотовый телефон Ergo A551 Sky синий,8760 сом,//avatars.mds.yandex.net/get-mpic/96484/img_id7837171693509932706/9
Смартфон iLife itell S500S серебристый,8810 сом,/images/product/19401/19401.jpg
Сотовый телефон Xiaomi Redmi Note 13 8/256GB голубой,17330 сом,/images/product/132096/1705999822_48551100.jpg
Сотовый телефон Samsung Galaxy S23 Ultra 12/512GB зеленый,89350 сом,/images/product/118784/1679158987_31384800.jpg
Сотовый телефон Samsung Galaxy Z Flip 5 8/512GB кремовый,66090 сом,/images/product/128256/1697901834_63832900.jpg
Сотовый телефон Xiaomi Redmi Note 13 NFC 6/128GB черный,16430 сом,/images/product/132097/1706000565_39704500.jpg
Сотовый телефон Samsung Galaxy S23 Ultra 12/512GB кремовый,89350 сом,/images/product/118785/1679159066_25158800.jpg
Сотовый телефон Samsung Galaxy Z Flip 5 8/512GB лавандовый,66090 сом,/images/product/128257/1697901941_07758200.jpg
Сотовый телефон Xiaomi Redmi Note 13 NFC 6/128GB голубой,16430 сом,/images/product/132098/1706000570_08880700.jpg
Сотовый телефон Samsung Galaxy S23 Ultra 12/512GB графит,89350 сом,/images/product/118786/1679159154_75202700.jpg
Сотовый телефон Xiaomi Redmi Note 13 NFC 6/128GB зеленый,16430 сом,/images/product/132099/1706000572_51000900.jpg
Сотовый телефон Samsung Galaxy S23 Ultra 12/512GB голубой,89350 сом,/images/product/118787/1679159225_02657600.jpg
Сотовый телефон Xiaomi Redmi Note 13 NFC 8/128GB черный,17330 сом,/images/product/132100/1706000895_70350700.jpg
Сотовый телефон Samsung Galaxy S23 Ultra 12/512GB лайм,89350 сом,/images/product/118788/1679159303_34858200.jpg
Сотовый телефон Xiaomi Redmi Note 13 NFC 8/128GB голубой,17330 сом,/images/product/132101/1706000899_76601800.jpg
Сотовый телефон Samsung Galaxy S23 Ultra 12/512GB красный,89350 сом,/images/product/118789/1679159390_27278700.jpg
Сотовый телефон Xiaomi Redmi Note 13 NFC 8/128GB зеленый,17330 сом,/images/product/132102/1706000903_30183900.jpg
Сотовый телефон Xiaomi Redmi Note 13 NFC 8/256GB черный,18320 сом,/images/product/132103/1706001200_47075400.jpg
Сотовый телефон Xiaomi Redmi Note 13 NFC 8/256GB голубой,18320 сом,/images/product/132104/1706001203_22579000.jpg
Сотовый телефон Xiaomi Redmi Note 13 NFC 8/256GB зеленый,18320 сом,/images/product/132105/1706001206_21431300.jpg
Сотовый телефон Samsung Galaxy A14 4G 4/128GB зеленый,13020 сом,/images/product/118793/1679160263_12359900.jpg
Сотовый телефон Xiaomi Redmi Note 13 Pro 8/256GB черный,24780 сом,/images/product/132106/1706001917_61615100.jpg
Сотовый телефон Apple iPhone 13 128GB зеленый,55590 сом,/images/product/105482/1650357323_84906500.png
Сотовый телефон Xiaomi Redmi Note 13 Pro 8/256GB фиолетовый,24780 сом,/images/product/132107/1706001921_44783600.jpg
Сотовый телефон Apple iPhone 13 256GB зеленый,65730 сом,/images/product/105483/1650357352_25448500.png
Сотовый телефон Xiaomi Redmi Note 13 Pro 8/256GB зеленый,24780 сом,/images/product/132108/1706001924_96815800.jpg
Сотовый телефон Xiaomi Redmi 10 4/128GB серый,11040 сом,/images/product/97292/1630854310_48805900.jpg
Сотовый телефон Xiaomi Redmi 13C 4/128GB черный,11580 сом,/images/product/129292/1700309450_89657300.jpg
Сотовый телефон Xiaomi Redmi Note 13 Pro 12/512GB черный,30080 сом,/images/product/132109/1706002286_29926800.jpg
Сотовый телефон Xiaomi Redmi 10 4/64GB серый,10060 сом,/images/product/97293/1630854442_62443400.jpg
Сотовый телефон Xiaomi Redmi 13C 4/128GB синий,11580 сом,/images/product/129293/1700309634_00661200.png
Сотовый телефон Xiaomi Redmi Note 13 Pro 12/512GB фиолетовый,30080 сом,/images/product/132110/1706002290_04725600.jpg
Сотовый телефон Xiaomi Redmi 10 4/64GB синий,10060 сом,/images/product/97294/1630854577_55077100.jpg
Сотовый телефон Xiaomi Redmi 13C 4/128GB белый,11580 сом,/images/product/129294/1700309730_33847000.jpg
Сотовый телефон Xiaomi Redmi Note 13 Pro 12/512GB зеленый,30080 сом,/images/product/132111/1706002294_73980900.jpg
Сотовый телефон Xiaomi Redmi 10 4/64GB белый,10060 сом,/images/product/97295/1630854615_71898900.jpg
Сотовый телефон Xiaomi 12 Lite 6/128GB черный,26950 сом,/images/product/109071/1658516810_62408600.jpg
Сотовый телефон Xiaomi Redmi 13C 4/128GB зеленый,11580 сом,/images/product/129295/1700309954_46131100.jpg
Сотовый телефон Xiaomi Redmi Note 13 Pro Plus 8/256GB черный,32420 сом,/images/product/132112/1706006321_01444600.jpg
Сотовый телефон Xiaomi 12 Lite 6/128GB зеленый,26950 сом,/images/product/109072/1658516838_91747800.jpg
Сотовый телефон Xiaomi Redmi 13C 6/128GB синий ,12210 сом,/images/product/129296/1700310160_51875300.jpg
Сотовый телефон Xiaomi Redmi Note 13 Pro Plus 8/256GB белый,32420 сом,/images/product/132113/1706006563_40003500.jpg
Сотовый телефон Xiaomi 12 Lite 6/128GB розовый,26950 сом,/images/product/109073/1658516849_62016100.jpg
Сотовый телефон Xiaomi Redmi 13C 8/256GB черный,13390 сом,/images/product/129297/1700310457_66855200.jpg
Сотовый телефон Xiaomi Redmi Note 13 Pro Plus 8/256GB фиолетовый,32420 сом,/images/product/132114/1706006652_28401800.jpg
Сотовый телефон Xiaomi Poco M5 6/128GB желтый,11850 сом,/images/product/114706/1670170580_42110600.jpg
Сотовый телефон Xiaomi Redmi 13C 8/256GB синий,13390 сом,/images/product/129298/1700310659_75997800.jpg
Сотовый телефон Xiaomi Redmi Note 13 Pro Plus 12/512GB черный,36460 сом,/images/product/132115/1706006879_14694500.jpg
Сотовый телефон Xiaomi Redmi 13C 8/256GB белый,13390 сом,/images/product/129299/1700311013_84423100.jpg
Сотовый телефон Xiaomi Redmi Note 13 Pro Plus 12/512GB белый,36460 сом,/images/product/132116/1706006989_71324100.jpg
Сотовый телефон Xiaomi Redmi 13C 8/256GB зеленый,13390 сом,/images/product/129300/1700311327_58252900.jpg
Сотовый телефон Xiaomi Redmi Note 13 Pro Plus 12/512GB фиолетовый,36460 сом,/images/product/132117/1706007074_90772200.jpg
Сотовый телефон Xiaomi Poco M6 Pro 12/256GB черный,22000 сом,/images/product/132118/1706008969_80831000.jpg
Сотовый телефон Xiaomi Poco M6 Pro 12/256GB голубой,22000 сом,/images/product/132119/1706008975_91715500.jpg
Сотовый телефон Xiaomi Poco M6 Pro 12/256GB фиолетовый,22000 сом,/images/product/132120/1706008981_58460600.jpg
Сотовый телефон Samsung Galaxy A24 4G 4/128GB темно-красный,14820 сом,/images/product/122392/1687017194_46768300.jpg
Сотовый телефон Samsung Galaxy S24 Ultra 12/256GB серый,106950 сом,/images/product/132121/1706013963_57698400.jpg
Сотовый телефон Xiaomi Poco F5 Pro 12/256GB черный,40860 сом,/images/product/121369/1684747121_59774400.jpg
Сотовый телефон Samsung Galaxy A24 4G 4/128GB зеленый,14820 сом,/images/product/122393/1687017278_35212700.jpg
Сотовый телефон Xiaomi Poco F5 Pro 12/256GB белый,40860 сом,/images/product/121370/1684747219_62661800.jpg
Сотовый телефон Samsung Galaxy A24 4G 4/128GB черный,14820 сом,/images/product/122394/1687017486_37783400.jpg
Сотовый телефон Samsung Galaxy A15 4/128GB светло-голубой,14370 сом,/images/product/131612/1705238249_14371400.jpg
Сотовый телефон Samsung Galaxy A15 4/128GB черно-синий,14370 сом,/images/product/131613/1705238328_05852700.jpg
Сотовый телефон Samsung Galaxy A15 4/128GB желтый,14370 сом,/images/product/131614/1705238425_09819500.jpg
Сотовый телефон Samsung Galaxy S23 8/256GB черный,58470 сом,/images/product/118814/1679251526_93886600.jpg
Сотовый телефон Xiaomi Poco X6 12/256GB черный,26310 сом,/images/product/131615/1705245304_62745700.jpg
Сотовый телефон Samsung Galaxy S23 8/256GB кремовый,58470 сом,/images/product/118815/1679251533_94566200.jpg
Сотовый телефон Xiaomi Poco X6 12/256GB синий,26310 сом,/images/product/131616/1705245455_84502700.jpg
Сотовый телефон Samsung Galaxy S23 8/256GB зеленый,58470 сом,/images/product/118816/1679251537_66730500.jpg
Сотовый телефон Xiaomi Poco X6 12/256GB белый,26310 сом,/images/product/131617/1705245769_17445100.jpg
Сотовый телефон Samsung Galaxy S23 8/256GB лавандовый,58470 сом,/images/product/118817/1679251540_63725600.jpg
Сотовый телефон Samsung Galaxy S23 8/256GB графит,58470 сом,/images/product/118818/1679251543_11137000.jpg
Сотовый телефон Samsung Galaxy S23 8/256GB лайм,58470 сом,/images/product/118819/1679251545_73126500.jpg
Сотовый телефон Samsung Galaxy S23 Plus 8/256GB черный,64210 сом,/images/product/118820/1679252408_56763800.jpg
Сотовый телефон Samsung Galaxy S23 Plus 8/256GB кремовый,64210 сом,/images/product/118821/1679252780_88854600.jpg
Сотовый телефон Samsung Galaxy S23 Plus 8/256GB зеленый,64210 сом,/images/product/118822/1679252946_94063400.jpg
Сотовый телефон Samsung Galaxy A14 4G 6/128GB черный,14550 сом,/images/product/120614/1682763307_90204000.jpg
Сотовый телефон Samsung Galaxy S23 Plus 8/256GB графит,64210 сом,/images/product/118823/1679253149_41234400.jpg
Сотовый телефон Samsung Galaxy A14 4G 6/128GB серебристый,14550 сом,/images/product/120615/1682763397_50240700.jpg
Сотовый телефон Samsung Galaxy S23 Plus 8/256GB лайм,64210 сом,/images/product/118824/1679253346_80393500.jpg
Сотовый телефон Samsung Galaxy A14 4G 6/128GB зеленый,14550 сом,/images/product/120616/1682763492_23324900.jpg
Сотовый телефон Xiaomi Redmi Note 12 4G NFC 6/128GB черный,13020 сом,/images/product/119850/1680855731_05724300.jpg
Сотовый телефон Xiaomi Redmi Note 12 4G NFC 6/128GB зеленый,13020 сом,/images/product/119851/1680855811_23272400.jpg
Сотовый телефон Xiaomi Redmi Note 12 4G 6/128GB черный,13740 сом,/images/product/119852/1680856338_99355200.jpg
Сотовый телефон Xiaomi Redmi Note 12 4G 6/128GB голубой,13740 сом,/images/product/119853/1680856400_58909800.jpg
Сотовый телефон Samsung Galaxy S23 Plus 8/256GB лавандовый,64210 сом,/images/product/117294/1676333574_83587900.jpg
Сотовый телефон Xiaomi Redmi Note 12 4G 6/128GB зеленый,13740 сом,/images/product/119854/1680856440_80977500.jpg
Сотовый телефон Samsung Galaxy S23 Ultra 12/256GB черный,77950 сом,/images/product/117295/1676334881_73479700.jpg
Сотовый телефон Xiaomi Redmi Note 12 4G 8/128GB черный,13920 сом,/images/product/119855/1680856510_39904100.jpg
Сотовый телефон Samsung Galaxy S23 Ultra 12/256GB лавандовый,77950 сом,/images/product/117296/1676334902_76114000.jpg
Сотовый телефон Xiaomi Redmi Note 12 4G 8/128GB голубой,13920 сом,/images/product/119856/1680856554_83769900.jpg
Сотовый телефон Xiaomi Redmi Note 12 4G 8/128GB зеленый,13920 сом,/images/product/119857/1680856606_44713600.jpg
Сотовый телефон Samsung Galaxy A54 5G 8/128GB зеленый,25050 сом,/images/product/119602/1680521204_49362900.jpg
Сотовый телефон Samsung Galaxy S23 Plus 8/512GB лайм,70490 сом,/images/product/120114/1681570852_20491400.jpg
Сотовый телефон Samsung Galaxy A54 5G 8/128GB черный,25050 сом,/images/product/119603/1680521211_54618700.jpg
Сотовый телефон Samsung Galaxy S23 Plus 8/512GB графит,70490 сом,/images/product/120115/1681570940_07503900.jpg
Сотовый телефон Samsung Galaxy A54 5G 8/128GB фиолетовый,25050 сом,/images/product/119604/1680521219_09877000.jpg
Сотовый телефон Samsung Galaxy S23 Plus 8/512GB зеленый,70490 сом,/images/product/120116/1681571007_58029200.jpg
Сотовый телефон Samsung Galaxy A54 5G 8/128GB белый,25050 сом,/images/product/119605/1680521226_02019200.jpg
Сотовый телефон Xiaomi Redmi Note 12 Pro 4G 8/256GB черный,21370 сом,/images/product/119861/1680860444_08696300.jpg
Сотовый телефон Samsung Galaxy S23 Plus 8/512GB кремовый,70490 сом,/images/product/120117/1681571112_66430100.jpg
Сотовый телефон Xiaomi Redmi Note 12 Pro 4G 8/256GB голубой,21370 сом,/images/product/119862/1680860526_68215800.jpg
Сотовый телефон Samsung Galaxy S23 Plus 8/512GB лавандовый,70490 сом,/images/product/120118/1681571193_24896800.jpg
Сотовый телефон Xiaomi Redmi Note 12 Pro 4G 8/256GB белый,21370 сом,/images/product/119863/1680860615_42138600.jpg
Сотовый телефон Samsung Galaxy S23 Ultra 8/256GB красный,72290 сом,/images/product/120119/1681571722_33203300.jpg
Сотовый телефон Xiaomi Redmi 13C 6/128GB белый,12210 сом,/images/product/129591/1700924233_14712100.jpg
Сотовый телефон Samsung Galaxy S23 Ultra 8/256GB лайм,72290 сом,/images/product/120120/1681571785_39483400.jpg
Сотовый телефон Xiaomi Redmi 13C 6/128GB черный,12210 сом,/images/product/129592/1700924253_44014600.jpg
Сотовый телефон Samsung Galaxy S23 Ultra 8/256GB голубой,72290 сом,/images/product/120121/1681572038_00342600.jpg
Сотовый телефон Samsung Galaxy A34 5G 6/128GB зеленый,19400 сом,/images/product/119866/1680963530_26052900.jpg
Сотовый телефон Samsung Galaxy S23 Ultra 8/256GB графит,72290 сом,/images/product/120122/1681572194_86247700.jpg
Сотовый телефон Samsung Galaxy A34 5G 6/128GB черный,19400 сом,/images/product/119867/1680963668_65973500.jpg
Сотовый телефон Samsung Galaxy S23 Ultra 8/256GB кремовый,72290 сом,/images/product/120123/1681572218_24206100.jpg
Сотовый телефон Samsung Galaxy S23 Plus 8/512GB черный,70490 сом,/images/product/119612/1680532876_65555700.jpg
Сотовый телефон Samsung Galaxy A34 5G 8/256GB черный,24070 сом,/images/product/119868/1680963674_15498300.jpg
Сотовый телефон Samsung Galaxy S23 Ultra 8/256GB зеленый,72290 сом,/images/product/120124/1681572324_96573800.jpg
Сотовый телефон Xiaomi Redmi 9A 2/32GB голубой,7180 сом,/images/product/81981/1595752806_94536000.jpg
Сотовый телефон Samsung Galaxy S23 Ultra 8/256GB лавандовый,72290 сом,/images/product/120125/1681572432_29768200.jpg
Сотовый телефон Samsung Galaxy S23 Ultra 8/256GB черный,72290 сом,/images/product/120126/1681572556_39841700.jpg
Сотовый телефон Samsung Galaxy S22 Ultra 12/512GB черный,70580 сом,/images/product/105280/1649746479_54223000.jpg
Сотовый телефон Samsung Galaxy S22 Ultra 12/512GB белый,70580 сом,/images/product/105281/1649746615_94381600.jpg
Сотовый телефон Xiaomi Redmi Note 12 4G NFC 8/256GB черный,14640 сом,/images/product/130113/1701508799_65174600.jpg
Сотовый телефон Samsung Galaxy S22 Ultra 12/512GB фиолетовый,70580 сом,/images/product/105282/1649747022_51573700.jpg
Сотовый телефон Xiaomi Redmi Note 12 4G NFC 8/256GB голубой,14640 сом,/images/product/130114/1701508935_77333800.jpg
Сотовый телефон Samsung Galaxy S22 Ultra 12/512GB зеленый,70580 сом,/images/product/105283/1649747251_14125800.jpg
Сотовый телефон Samsung Galaxy S22 Ultra 12/512GB серый,70580 сом,/images/product/105284/1649747419_19191900.jpg
Сотовый телефон Samsung Galaxy S22 Ultra 12/512GB красный,70580 сом,/images/product/105285/1649747553_50052400.jpg
Сотовый телефон Samsung Galaxy S22 Ultra 12/512GB голубой,70580 сом,/images/product/105286/1649747678_58112000.jpg
Сотовый телефон Xiaomi Redmi 12C 3/64GB мятный,9170 сом,/images/product/120905/1683618342_95330000.jpg
Сотовый телефон Samsung Galaxy Z Flip 5 8/256GB мятный,63310 сом,/images/product/124746/1691825893_82315400.jpg
Сотовый телефон Samsung Galaxy Z Flip 5 8/256GB графит,63310 сом,/images/product/124747/1691826081_52572500.jpg
Сотовый телефон Samsung Galaxy A23 4/64GB черный,14370 сом,/images/product/105292/1649749368_86203000.jpg
Сотовый телефон Samsung Galaxy Z Flip 5 8/256GB кремовый,63310 сом,/images/product/124748/1691826217_75948900.jpg
Сотовый телефон Samsung Galaxy Z Flip 5 8/256GB лавандовый,63310 сом,/images/product/124749/1691826381_87575600.jpg
Сотовый телефон Samsung Galaxy Z Fold 5 12/256GB серо-голубой,102370 сом,/images/product/124750/1691828573_82854800.jpg
Сотовый телефон Xiaomi Poco M5 4/128GB желтый,10960 сом,/images/product/115279/1677296629_62707300.jpg
Сотовый телефон Samsung Galaxy Z Fold 5 12/256GB черный,102370 сом,/images/product/124751/1691828685_93184500.jpg
Сотовый телефон Xiaomi Poco M5 4/128GB зеленый,10960 сом,/images/product/115280/1671510552_67112300.jpg
Сотовый телефон Samsung Galaxy Z Fold 5 12/256GB кремовый,102370 сом,/images/product/124752/1691828818_90577100.jpg
Сотовый телефон Apple iPhone 14 128GB желтый,60610 сом,/images/product/119889/1681105560_17556400.jpg
Сотовый телефон Samsung Galaxy Z Fold 5 12/512GB серо-голубой,110900 сом,/images/product/124753/1691830168_14837300.jpg
Сотовый телефон Samsung Galaxy Z Fold 5 12/512GB черный,110900 сом,/images/product/124754/1691830300_79257600.jpg
Сотовый телефон Samsung Galaxy Z Fold 5 12/512GB кремовый,110900 сом,/images/product/124755/1691830410_04797900.jpg
Сотовый телефон Xiaomi Poco X5 8/256GB зеленый,18590 сом,/images/product/117333/1676418320_26553500.jpg
Сотовый телефон Xiaomi Poco X5 8/256GB голубой,18590 сом,/images/product/117334/1676418461_04176200.jpg
Сотовый телефон Samsung Galaxy A04 4/64GB черный,10060 сом,/images/product/112983/1667077607_60071300.jpg
Сотовый телефон Xiaomi Poco X5 8/256GB черный,18590 сом,/images/product/117335/1676418551_10680300.jpg
Сотовый телефон Samsung Galaxy A04 4/64GB белый,10060 сом,/images/product/112984/1667077845_67471400.jpg
Сотовый телефон Xiaomi Poco X5 Pro 8/256GB желтый,24780 сом,/images/product/117336/1676419363_76457200.jpg
Сотовый телефон Xiaomi 12T Pro 8/256GB черный,49220 сом,/images/product/111961/1665146065_57260800.jpg
Сотовый телефон Samsung Galaxy A04 4/64GB зеленый,10060 сом,/images/product/112985/1667077850_81511100.jpg
Сотовый телефон Xiaomi Poco X5 Pro 8/256GB голубой,24780 сом,/images/product/117337/1676419462_51727600.jpg
Сотовый телефон Samsung Galaxy A05s 4/128GB черный,12120 сом,/images/product/130649/1702857989_84061200.png
Сотовый телефон Xiaomi 12T Pro 8/256GB голубой,49220 сом,/images/product/111962/1665146166_33421300.jpg
Сотовый телефон Samsung Galaxy A04 4/64GB медный,10060 сом,/images/product/112986/1667077855_49828600.jpg
Сотовый телефон Xiaomi Poco X5 Pro 8/256GB черный,24780 сом,/images/product/117338/1676419540_88307400.jpg
Сотовый телефон Xiaomi Poco F5 12/512GB черный,45710 сом,/images/product/124762/1691845525_69018200.jpg
Сотовый телефон Samsung Galaxy A05s 6/128GB черный,13020 сом,/images/product/130650/1702858011_14275600.png
Сотовый телефон Samsung Galaxy A04s 4/64GB черный,11040 сом,/images/product/112987/1667078708_09449600.jpg
Сотовый телефон Xiaomi Poco F5 12/512GB синий,45710 сом,/images/product/124763/1691845617_54516000.jpg
Сотовый телефон Xiaomi Poco F5 8/256GB белый,29270 сом,/images/product/125275/1692468590_22690900.jpg
Сотовый телефон Samsung Galaxy A05s 4/128GB фиолетовый,12120 сом,/images/product/130651/1702858441_76827900.png
Сотовый телефон Samsung Galaxy A04s 4/64GB белый,11040 сом,/images/product/112988/1667078711_58657400.jpg
Сотовый телефон Xiaomi Poco F5 12/512GB белый,45710 сом,/images/product/124764/1691845741_45524800.jpg
Сотовый телефон Samsung Galaxy A05s 6/128GB фиолетовый,13020 сом,/images/product/130652/1702858460_04276600.png
Сотовый телефон Samsung Galaxy A04s 4/64GB зеленый,11040 сом,/images/product/112989/1667078714_93759800.jpg
Сотовый телефон Xiaomi 13 8/256GB белый,60610 сом,/images/product/124765/1691847423_45499200.jpg
Сотовый телефон Samsung Galaxy A05s 4/128GB зеленый,12120 сом,/images/product/130653/1702858736_29217300.png
Сотовый телефон Samsung Galaxy A04s 4/64GB медный,11040 сом,/images/product/112990/1667078719_97190500.jpg
Сотовый телефон Xiaomi 13 8/256GB черный,60610 сом,/images/product/124766/1691847538_30478700.jpg
Сотовый телефон Samsung Galaxy A05s 6/128GB зеленый,13020 сом,/images/product/130654/1702858921_63553100.png
Сотовый телефон Samsung Galaxy A04s 4/128GB черный,12300 сом,/images/product/112991/1667078809_64921800.jpg
Сотовый телефон Xiaomi 13 8/256GB зеленый,60610 сом,/images/product/124767/1691847793_72815300.jpg
Сотовый телефон Samsung Galaxy A05s 4/128GB серебристый,12120 сом,/images/product/130655/1702859152_88845500.png
Сотовый телефон Samsung Galaxy A04s 4/128GB белый,12300 сом,/images/product/112992/1667079728_21774400.jpg
Сотовый телефон Xiaomi Redmi 12 8/256GB черный,14190 сом,/images/product/125536/1693056047_23978900.jpg
Сотовый телефон Samsung Galaxy A05s 6/128GB серебристый,13020 сом,/images/product/130656/1702859281_40798800.png
Сотовый телефон Samsung Galaxy A04s 4/128GB зеленый,12300 сом,/images/product/112993/1667079731_69110300.jpg
Сотовый телефон Xiaomi Redmi 12 8/256GB голубой,14190 сом,/images/product/125537/1693056125_05578700.jpg
Сотовый телефон Samsung Galaxy A04s 4/128GB медный,12300 сом,/images/product/112994/1667079735_75656600.jpg
Сотовый телефон Xiaomi Redmi 12 4/128GB серебристый,12840 сом,/images/product/122722/1687586008_57316200.jpg
Сотовый телефон Xiaomi Redmi 12 8/256GB серебристый,14190 сом,/images/product/125538/1693056190_22945800.jpg
Сотовый телефон Xiaomi Redmi 10C 4/128GB серый,11850 сом,/images/product/104803/1648310638_87270900.jpg
Сотовый телефон Xiaomi Redmi 12 4/128GB голубой,12840 сом,/images/product/122723/1687586011_80062800.jpg
Сотовый телефон Xiaomi Redmi Note 12S 8/256GB NFC голубой,16520 сом,/images/product/125539/1704911429_16203500.jpg
Сотовый телефон Xiaomi Redmi 10C 4/128GB синий,11850 сом,/images/product/104804/1648310652_05982100.jpg
Сотовый телефон Xiaomi Redmi 12 4/128GB черный,12840 сом,/images/product/122724/1687586013_00031500.jpg
Сотовый телефон Xiaomi Redmi Note 12S 8/256GB NFC зеленый,16520 сом,/images/product/125540/1704911416_19173400.jpg
Сотовый телефон Xiaomi Redmi 10C 4/128GB зеленый,11850 сом,/images/product/104805/1648310666_54418900.jpg
Сотовый телефон Xiaomi Redmi 10 2022 4/128GB белый,9790 сом,/images/product/106853/1653145141_11530400.jpg
Сотовый телефон Xiaomi Redmi Note 12S 8/256GB NFC черный,16520 сом,/images/product/125541/1704911398_18334500.jpg
Сотовый телефон Xiaomi Redmi 10 2022 4/128GB голубой,9790 сом,/images/product/106854/1653145152_17687600.jpg
Сотовый телефон Xiaomi 13 Lite 8/256GB черный,31790 сом,/images/product/117862/1677353076_00357400.jpg
Сотовый телефон Apple iPhone 13 128GB красный,55590 сом,/images/product/97897/1631808085_26488000.jpg
Сотовый телефон Samsung Galaxy S20 Fan Edition 5G 8/256GB лавандовый,25950 сом,/images/product/104809/1648314546_41896500.jpg
Сотовый телефон Samsung Galaxy S20 Fan Edition 5G 8/256GB мятный,25950 сом,/images/product/104810/1648314567_27022300.jpg
Сотовый телефон Xiaomi Redmi 9A 2/32GB зеленый,7180 сом,/images/product/82539/1597087470_22009200.jpg
Сотовый телефон Samsung Galaxy S20 Fan Edition 5G 8/256GB синий,25950 сом,/images/product/104811/1648314583_06115800.jpg
Сотовый телефон Apple iPhone 13 128GB синий,55590 сом,/images/product/97900/1631808440_79057200.jpg
Сотовый телефон Samsung Galaxy S20 Fan Edition 5G 8/256GB оранжевый,25950 сом,/images/product/104812/1648314599_51763200.jpg
Сотовый телефон Samsung Galaxy Z Flip 5 8/512GB графит,66090 сом,/images/product/124780/1691996335_90253900.jpg
Сотовый телефон Samsung Galaxy S20 Fan Edition 5G 8/256GB красный,25950 сом,/images/product/104813/1648314617_05334100.jpg
Сотовый телефон Xiaomi Poco C40 4/64GB зеленый,8900 сом,/images/product/113773/1668358099_95210000.jpg
Сотовый телефон Samsung Galaxy S20 Fan Edition 5G 8/256GB белый,25950 сом,/images/product/104814/1648314633_22125200.jpg
Сотовый телефон Xiaomi Poco M5s 6/128GB серый,14280 сом,/images/product/113774/1668360931_73315000.jpg
Сотовый телефон Apple iPhone 13 128GB полуночный,55590 сом,/images/product/97903/1631808729_32480300.jpg
Сотовый телефон Xiaomi Poco M5s 6/128GB голубой,14280 сом,/images/product/113775/1668360981_19545600.jpg
Сотовый телефон Apple iPhone 13 128GB сияющая звезда,55590 сом,/images/product/97906/1631809004_80505000.jpg
Сотовый телефон Xiaomi Redmi Note 12 4G 4/128GB золотой,12660 сом,/images/product/124531/1691215758_12880500.jpg
Сотовый телефон Xiaomi Redmi Note 12 4G 8/128GB золотой,13920 сом,/images/product/124532/1691216029_55733200.jpg
Сотовый телефон Apple iPhone 13 128GB розовый,55590 сом,/images/product/97909/1631809348_37875500.jpg
Сотовый телефон Xiaomi Redmi 12 4/128GB NFC голубой,11940 сом,/images/product/126325/1694582112_70321000.jpg
Сотовый телефон Samsung Galaxy S22 Ultra 12/256GB черный,67450 сом,/images/product/104822/1648319089_75835000.png
Сотовый телефон Xiaomi Poco F5 8/256GB черный,29270 сом,/images/product/124534/1691217632_93865400.jpg
Сотовый телефон Samsung Galaxy S22 Ultra 12/256GB белый,67450 сом,/images/product/104823/1648319267_14637700.png
Сотовый телефон Xiaomi Poco F5 8/256GB синий,29270 сом,/images/product/124535/1691217726_00575200.jpg
Сотовый телефон Samsung Galaxy S22 Ultra 12/256GB фиолетовый,67450 сом,/images/product/104824/1648319379_27545800.png
Сотовый телефон Xiaomi 12 Lite 8/128GB черный,30080 сом,/images/product/108408/1657099394_89184600.jpg
Сотовый телефон Xiaomi Redmi Note 12 4G 6/128GB золотой,13740 сом,/images/product/124536/1691234024_05099400.jpg
Сотовый телефон Samsung Galaxy S22 Ultra 12/256GB зеленый,67450 сом,/images/product/104825/1648319473_69430100.png
Сотовый телефон Xiaomi 12 Lite 8/128GB зеленый,30080 сом,/images/product/108409/1657099397_38474300.jpg
Сотовый телефон Samsung Galaxy S22 Ultra 12/256GB серый,67450 сом,/images/product/104826/1648319584_65168500.png
Сотовый телефон Xiaomi 12 Lite 8/128GB розовый,30080 сом,/images/product/108410/1657099399_63123100.jpg
Сотовый телефон Xiaomi Redmi Note 12 Pro Plus 5G 8/256GB черный,28380 сом,/images/product/120442/1682331253_53840500.jpg
Сотовый телефон Samsung Galaxy S22 Ultra 12/256GB красный,67450 сом,/images/product/104827/1648319672_36030400.png
Сотовый телефон Xiaomi Redmi Note 12 Pro Plus 5G 8/256GB голубой,28380 сом,/images/product/120443/1682331306_66467500.jpg
Сотовый телефон Samsung Galaxy S22 Ultra 12/256GB голубой,67450 сом,/images/product/104828/1648319758_15378800.png
Сотовый телефон Xiaomi Redmi 12C 3/64GB черный,9170 сом,/images/product/118141/1677918704_20745500.jpg
Сотовый телефон Xiaomi 12X 8/256GB фиолетовый,31880 сом,/images/product/104831/1648320483_40571400.jpg
Сотовый телефон Xiaomi Redmi Note 12 4G NFC 6/128GB голубой,13020 сом,/images/product/126594/1694935020_77397500.jpg
Сотовый телефон Xiaomi Redmi Note 12 4G NFC 6/128GB золотой,13020 сом,/images/product/126595/1694935138_97189100.jpg
Сотовый телефон Xiaomi Poco M5 4/128GB черный,10960 сом,/images/product/111237/1663840034_78846000.jpg
Сотовый телефон Samsung Galaxy A14 4G 4/64GB черный,12390 сом,/images/product/118406/1678556933_29997500.jpg
Сотовый телефон Samsung Galaxy A14 4G 4/64GB серебристый,12390 сом,/images/product/118407/1678556936_24638800.jpg
Сотовый телефон Samsung Galaxy A14 4G 4/64GB зеленый,12390 сом,/images/product/118408/1678556939_19128200.jpg
Сотовый телефон BQ BQ-2449 Hammer зеленый,5390 сом,/images/product/85898/1605094882_70653000.jpg
Сотовый телефон BQ BQ-2449 Hammer оранжевый,5390 сом,/images/product/85899/1605095006_20935400.jpg
Сотовый телефон BQ BQ-2449 Hammer черный,5390 сом,/images/product/85900/1605095180_19869000.jpg
Сотовый телефон BQ BQ-3587 Disco Boom черный,5210 сом,/images/product/85901/1605098664_11167500.jpg
Сотовый телефон BQ BQ-3587 Disco Boom зеленый,5210 сом,/images/product/85902/1605098898_93582300.jpg
Сотовый телефон BQ BQ-3587 Disco Boom синий,5210 сом,/images/product/85903/1605099084_28044200.jpg
Сотовый телефон BQ BQ-3587 Disco Boom красный,5210 сом,/images/product/85904/1605099196_90993400.jpg
Сотовый телефон Xiaomi Redmi Note 12 4G NFC 8/256GB зеленый,14640 сом,/images/product/131476/1704909744_96544900.jpg
Сотовый телефон Xiaomi Redmi Note 12 4G NFC 8/256GB золотой,14640 сом,/images/product/131477/1704910083_42662500.jpg
Сотовый телефон BQ BQ-2824 Tank T черный,5390 сом,/images/product/85909/1605103910_44521000.jpg
Сотовый телефон BQ BQ-2824 Tank T синий камуфляж,5390 сом,/images/product/85910/1605104257_24904600.jpg
Сотовый телефон BQ BQ-2824 Tank T зеленый,5390 сом,/images/product/85911/1605104432_78438800.jpg
Сотовый телефон BQ BQ-2824 Tank T серый камуфляж,5390 сом,/images/product/85912/1605104535_51372100.jpg
Сотовый телефон Apple iPhone 15 128GB черный,71570 сом,/images/product/126362/1694665422_87196100.jpg
Сотовый телефон Xiaomi 12T Pro 8/256GB серебристый,49220 сом,/images/product/112027/1665400003_70814600.jpg
Сотовый телефон Apple iPhone 15 128GB голубой,71570 сом,/images/product/126363/1694665415_66982000.jpg
Сотовый телефон Xiaomi Redmi 9A 2/32GB серый гранит,7180 сом,/images/product/81820/1595752437_69165100.jpg
Сотовый телефон Xiaomi Redmi A2 Plus 3/64GB черный,7720 сом,/images/product/123292/1688810713_03826700.jpg
Сотовый телефон Apple iPhone 15 128GB зеленый,71570 сом,/images/product/126364/1694665408_88868600.jpg
Сотовый телефон Xiaomi Redmi A2 Plus 3/64GB голубой,7540 сом,/images/product/123293/1688810766_07020300.jpg
Сотовый телефон Apple iPhone 15 128GB желтый,71570 сом,/images/product/126365/1694665402_19932300.jpg
Сотовый телефон Apple iPhone 15 128GB розовый,71570 сом,/images/product/126366/1694665395_43145500.jpg
Сотовый телефон Apple iPhone 15 256GB черный,83420 сом,/images/product/126367/1694665388_45175800.jpg
Сотовый телефон Apple iPhone 15 256GB розовый,83420 сом,/images/product/126368/1694665381_92837400.jpg
Сотовый телефон Apple iPhone 15 256GB голубой,83420 сом,/images/product/126369/1694665374_93594400.jpg
Сотовый телефон Xiaomi 13 Lite 8/256GB голубой,31790 сом,/images/product/117922/1677571851_39921000.jpg
Сотовый телефон Apple iPhone 15 256GB зеленый,83420 сом,/images/product/126370/1694665367_09261400.jpg
Сотовый телефон Xiaomi 13 Lite 8/256GB розовый,31790 сом,/images/product/117923/1677571861_47951000.jpg
Сотовый телефон Apple iPhone 15 256GB желтый,83420 сом,/images/product/126371/1694665360_23131700.jpg
Сотовый телефон Xiaomi 13T 8/256GB черный,35380 сом,/images/product/127397/1696241398_26865800.jpg
Сотовый телефон Xiaomi 13T 8/256GB голубой,35380 сом,/images/product/127398/1696241402_14682400.jpg
Сотовый телефон Xiaomi 13T 8/256GB зеленый,35380 сом,/images/product/127399/1696241407_25786200.jpg
Сотовый телефон Xiaomi Redmi 12C 3/64GB синий,9170 сом,/images/product/118441/1678707934_08292000.jpg
 Сотовый телефон Apple iPhone 15 Plus 128GB черный,86390 сом,/images/product/126377/1694665306_03947900.jpg
Сотовый телефон Xiaomi 13T 12/256GB зеленый,36370 сом,/images/product/127401/1696241956_61566300.jpg
Сотовый телефон Xiaomi Redmi 12C 3/64GB фиолетовый,9170 сом,/images/product/118442/1678708035_81361000.png
 Сотовый телефон Apple iPhone 15 Plus 128GB голубой,86390 сом,/images/product/126378/1694665298_96944200.jpg
Сотовый телефон Xiaomi 13T 12/256GB голубой,36370 сом,/images/product/127402/1696241966_31962400.jpg
 Сотовый телефон Apple iPhone 15 Plus 128GB зеленый,86390 сом,/images/product/126379/1694665291_66479100.jpg
Сотовый телефон Xiaomi 13T 12/256GB черный,36370 сом,/images/product/127403/1696241970_66313100.jpg
Сотовый телефон Apple iPhone 14 128GB полночный черный,60610 сом,/images/product/111020/1667069318_27060600.jpg
 Сотовый телефон Apple iPhone 15 Plus 128GB желтый,86390 сом,/images/product/126380/1694665285_70077400.jpg
Сотовый телефон HTC Wildfire E2 4/64Gb черный,7630 сом,/images/product/90029/1615734456_46436000.jpg
Сотовый телефон Apple iPhone 14 128GB фиолетовый,60610 сом,/images/product/111021/1667069304_37205800.jpg
 Сотовый телефон Apple iPhone 15 Plus 128GB розовый,86390 сом,/images/product/126381/1694665278_69222400.jpg
Сотовый телефон HTC Wildfire E2 4/64Gb синий,7630 сом,/images/product/90030/1615734495_48681000.jpg
Сотовый телефон Apple iPhone 14 128GB сияющая звезда,60610 сом,/images/product/111022/1667069288_96465100.jpg
Сотовый телефон Apple iPhone 14 128GB голубой,60610 сом,/images/product/111023/1667069269_56684100.jpg
 Сотовый телефон Apple iPhone 15 Plus 256GB голубой,96710 сом,/images/product/126383/1694665256_55994300.jpg
Сотовый телефон Xiaomi 13T Pro 12/256GB черный,46880 сом,/images/product/127407/1696243207_33455400.jpg
Сотовый телефон Apple iPhone 14 128GB красный,60610 сом,/images/product/111024/1667069255_04497100.jpg
Сотовый телефон Xiaomi 13T Pro 12/256GB голубой,46880 сом,/images/product/127408/1696243212_05251600.jpg
Сотовый телефон Samsung Galaxy S24 Ultra 12/256GB черный,106950 сом,/images/product/132273/1706363906_28266100.jpg
Сотовый телефон Apple iPhone 14 256GB полночный черный,72470 сом,/images/product/111025/1667069429_30394900.jpg
Сотовый телефон Xiaomi 13T Pro 12/256GB зеленый,46880 сом,/images/product/127409/1696243215_74049500.jpg
Сотовый телефон Samsung Galaxy S24 Ultra 12/256GB фиолетовый,106950 сом,/images/product/132274/1706364055_86705800.jpg
Сотовый телефон Apple iPhone 14 256GB фиолетовый,72470 сом,/images/product/111026/1667069410_35447000.jpg
 Сотовый телефон Apple iPhone 15 Plus 256GB розовый,96710 сом,/images/product/126386/1694665237_16686000.jpg
Сотовый телефон Samsung Galaxy S24 Ultra 12/256GB желтый,106950 сом,/images/product/132275/1706364166_91714700.jpg
Сотовый телефон Apple iPhone 14 256GB сияющая звезда,72470 сом,/images/product/111027/1667069396_12428400.jpg
Сотовый телефон Xiaomi 13T Pro 12/512GB голубой,49310 сом,/images/product/127411/1696243565_94393400.jpg
Сотовый телефон Samsung Galaxy S24 Ultra 12/256GB голубой,106950 сом,/images/product/132276/1706364294_72898300.jpg
Сотовый телефон Itel A25 фиолетовый,4040 сом,/images/product/101556/1640066729_15082200.jpg
Сотовый телефон Apple iPhone 14 256GB голубой,72470 сом,/images/product/111028/1667069379_34607800.jpg
Сотовый телефон Samsung Galaxy S24 Ultra 12/256GB зеленый,106950 сом,/images/product/132277/1706364415_88426900.jpg
Сотовый телефон Apple iPhone 14 256GB красный,72470 сом,/images/product/111029/1667069365_92337100.jpg
Сотовый телефон Xiaomi 13T Pro 12/512GB черный,49310 сом,/images/product/127413/1696243569_91488700.jpg
Сотовый телефон Samsung Galaxy S24 Ultra 12/256GB оранжевый,106950 сом,/images/product/132278/1706364545_15352900.jpg
Сотовый телефон Xiaomi 13T Pro 12/512GB зеленый,49310 сом,/images/product/127414/1696243678_56044000.jpg
Сотовый телефон Samsung Galaxy S24 Ultra 12/512GB серый,119790 сом,/images/product/132279/1706364770_73672000.jpg
Сотовый телефон Samsung Galaxy S24 Ultra 12/512GB черный,119790 сом,/images/product/132280/1706364972_85449100.jpg
Сотовый телефон Apple iPhone 15 Pro 128GB черный титан,98700 сом,/images/product/126392/1694665969_88523400.jpg
Сотовый телефон Samsung Galaxy S24 Ultra 12/512GB фиолетовый,119790 сом,/images/product/132281/1706365103_60831800.jpg
Сотовый телефон Apple iPhone 15 Pro 128GB белый титан,98700 сом,/images/product/126393/1694665971_99470600.jpg
Сотовый телефон Samsung Galaxy S24 Ultra 12/512GB желтый,119790 сом,/images/product/132282/1706365222_80030600.jpg
Сотовый телефон Apple iPhone 14 Pro 256GB космический черный,103810 сом,/images/product/111034/1667070402_34447000.jpg
Сотовый телефон Xiaomi Redmi Note 12 4G 8/256GB черный,15180 сом,/images/product/126138/1694311074_96089900.jpg
Сотовый телефон Apple iPhone 15 Pro 128GB голубой титан,98700 сом,/images/product/126394/1694665974_53217900.jpg
Сотовый телефон Samsung Galaxy S24 Ultra 12/512GB голубой,119790 сом,/images/product/132283/1706365338_08148900.jpg
Сотовый телефон Itel A25 голубой,4040 сом,/images/product/95931/1628189348_48401900.jpg
Сотовый телефон Apple iPhone 14 Pro 256GB фиолетовый,103810 сом,/images/product/111035/1667070388_12901000.jpg
Сотовый телефон Xiaomi Redmi Note 12 4G 8/256GB голубой,15180 сом,/images/product/126139/1694311208_27541500.jpg
Сотовый телефон Apple iPhone 15 Pro 128GB натуральный титан,98700 сом,/images/product/126395/1694665978_49233000.jpg
Сотовый телефон Samsung Galaxy S24 Ultra 12/512GB зеленый,119790 сом,/images/product/132284/1706365432_75518400.jpg
Сотовый телефон Apple iPhone 14 Pro 256GB серебристый,103810 сом,/images/product/111036/1667070372_61622300.jpg
Сотовый телефон Xiaomi Redmi Note 12 4G 8/256GB зеленый,15180 сом,/images/product/126140/1694311299_88939800.jpg
Сотовый телефон Apple iPhone 15 Pro 256GB черный титан,107860 сом,/images/product/126396/1694666848_16000600.jpg
Сотовый телефон Samsung Galaxy S24 Ultra 12/512GB оранжевый,119790 сом,/images/product/132285/1706365547_72189400.jpg
Сотовый телефон Samsung Galaxy Z Fold4 12/256 бежевый,92490 сом,/images/product/110525/1662310203_63201400.jpg
Сотовый телефон Apple iPhone 14 Pro 256GB золотой,103810 сом,/images/product/111037/1667070358_93584700.jpg
Сотовый телефон Xiaomi Redmi Note 12 4G 8/256GB золотой,15180 сом,/images/product/126141/1694311377_17966900.jpg
Сотовый телефон Apple iPhone 15 Pro 256GB белый титан,107860 сом,/images/product/126397/1694666850_43521600.jpg
Сотовый телефон Samsung Galaxy Z Fold4 12/256 черный,92490 сом,/images/product/110526/1662310287_69661600.jpg
Сотовый телефон Apple iPhone 15 Pro 256GB голубой титан,107860 сом,/images/product/126398/1694666852_74307500.jpg
Сотовый телефон Samsung Galaxy Z Fold4 12/256 серый,92490 сом,/images/product/110527/1662310364_54025900.jpg
Сотовый телефон Apple iPhone 15 Pro 256GB натуральный титан,107860 сом,/images/product/126399/1694666855_16785700.jpg
Сотовый телефон Apple iPhone 14 Pro Max 128GB космический черный,101560 сом,/images/product/111040/1667070713_51743500.jpg
Сотовый телефон Xiaomi Poco M5 6/128GB черный,11850 сом,/images/product/113088/1667281611_91530300.jpg
Сотовый телефон Apple iPhone 15 Pro 512GB черный титан,127960 сом,/images/product/126400/1694667395_51160400.jpg
Сотовый телефон Apple iPhone 14 Pro Max 128GB серебристый,101560 сом,/images/product/111041/1667070809_59083700.jpg
Сотовый телефон Xiaomi Poco M5 6/128GB зеленый,11850 сом,/images/product/113089/1667281718_47593600.jpg
Сотовый телефон Apple iPhone 15 Pro 512GB белый титан,127960 сом,/images/product/126401/1694667398_11147800.jpg
Сотовый телефон Apple iPhone 14 Pro Max 128GB золотой,101560 сом,/images/product/111042/1667070792_77567600.jpg
Сотовый телефон Apple iPhone 15 Pro 512GB голубой титан,127070 сом,/images/product/126402/1694667402_09504400.jpg
Сотовый телефон Apple iPhone 14 Pro Max 128GB фиолетовый,101560 сом,/images/product/111043/1667070731_06616800.jpg
Сотовый телефон Apple iPhone 15 Pro 512GB натуральный титан,127960 сом,/images/product/126403/1694667405_30675300.jpg
Сотовый телефон Apple iPhone 14 Pro Max 256GB космический черный,113600 сом,/images/product/111044/1667070992_90446700.jpg
Сотовый телефон Apple iPhone 15 Pro 1TB черный титан,141250 сом,/images/product/126404/1694668052_85224400.jpg
Сотовый телефон Apple iPhone 14 Pro Max 256GB золотой,113600 сом,/images/product/111045/1667070980_14799600.jpg
Сотовый телефон Apple iPhone 14 Pro Max 256GB фиолетовый,113600 сом,/images/product/111046/1667070965_53690200.jpg
Сотовый телефон Apple iPhone 15 Pro 1TB голубой титан,140810 сом,/images/product/126406/1694668059_34278800.jpg
Сотовый телефон Apple iPhone 14 Pro Max 256GB серебристый,113600 сом,/images/product/111047/1667070952_57712100.jpg
Сотовый телефон Apple iPhone 15 Pro 1TB натуральный титан,146730 сом,/images/product/126407/1694668065_11119900.jpg
Сотовый телефон Apple iPhone 15 Pro Max 256GB белый титан,118800 сом,/images/product/126408/1694669145_24643700.jpg
Сотовый телефон Xiaomi Redmi 10 2022 4/128GB серый,9790 сом,/images/product/106441/1652344192_90585000.jpg
Сотовый телефон Apple iPhone 15 Pro Max 256GB черный титан,117460 сом,/images/product/126409/1694669229_45961600.jpg
Сотовый телефон Apple iPhone 15 Pro Max 256GB голубой титан,117460 сом,/images/product/126410/1694669232_73814600.jpg
Сотовый телефон Samsung Galaxy Z Fold4 12/512 серый,92490 сом,/images/product/110283/1661762734_12073400.jpg
Сотовый телефон Apple iPhone 15 Pro Max 256GB натуральный титан,119250 сом,/images/product/126411/1694669308_54562600.jpg
Сотовый телефон Samsung Galaxy S22 8/256GB черный,46070 сом,/images/product/105932/1651331709_45138700.jpg
Сотовый телефон Samsung Galaxy Z Fold4 12/512 черный,92490 сом,/images/product/110284/1661762779_54910900.jpg
Сотовый телефон Apple iPhone 15 Pro Max 512GB черный титан,135780 сом,/images/product/126412/1694669897_74793400.jpg
Сотовый телефон Samsung Galaxy S22 8/256GB белый,49400 сом,/images/product/105933/1651331741_85568900.jpg
Сотовый телефон Apple iPhone 15 Pro Max 512GB белый титан,137120 сом,/images/product/126413/1694669912_72276800.jpg
Сотовый телефон Samsung Galaxy S22 8/256GB розовый,49400 сом,/images/product/105934/1651331770_66731200.jpg
Сотовый телефон Samsung Galaxy Z Fold4 12/512 бежевый,92490 сом,/images/product/110286/1661762810_97188600.jpg
Сотовый телефон Apple iPhone 15 Pro Max 512GB голубой титан,135780 сом,/images/product/126414/1694669928_15845600.jpg
Сотовый телефон Samsung Galaxy S22 8/256GB зеленый,49400 сом,/images/product/105935/1651331801_97725500.jpg
Сотовый телефон Apple iPhone 14 256GB желтый,72470 сом,/images/product/121807/1686047705_08713900.jpg
Сотовый телефон Apple iPhone 15 Pro Max 512GB натуральный титан,137120 сом,/images/product/126415/1694669948_41317400.jpg
Сотовый телефон Samsung Galaxy S22 8/256GB серый,49400 сом,/images/product/105936/1651331831_15719900.jpg
Сотовый телефон Apple iPhone 15 Pro Max 1TB черный титан,150770 сом,/images/product/126416/1694670551_38768100.jpg
Сотовый телефон Samsung Galaxy S22 8/256GB голубой,49400 сом,/images/product/105937/1651331856_87154800.jpg
Сотовый телефон Apple iPhone 15 Pro Max 1TB белый титан,150770 сом,/images/product/126417/1694670564_94188000.jpg
Сотовый телефон Xiaomi Redmi 12 4/128GB NFC черный,11940 сом,/images/product/127953/1697463835_59446400.jpg
Сотовый телефон Samsung Galaxy S22 8/256GB фиолетовый,49400 сом,/images/product/105938/1651331878_59420500.jpg
Сотовый телефон Apple iPhone 15 Pro Max 1TB голубой титан,150770 сом,/images/product/126418/1694670577_44072400.jpg
Сотовый телефон Xiaomi Redmi 12 4/128GB NFC серебристый,11940 сом,/images/product/127954/1697463969_91668900.jpg
Сотовый телефон Samsung Galaxy S22 8/256GB бежевый,49400 сом,/images/product/105939/1651331898_83144000.jpg
Сотовый телефон Apple iPhone 15 Pro Max 1TB натуральный титан,151670 сом,/images/product/126419/1694670590_62014200.jpg
Сотовый телефон Samsung Galaxy A14 4G 4/128GB черный,13020 сом,/images/product/119511/1680344757_02167800.jpg
Сотовый телефон Samsung Galaxy A14 4G 4/128GB серебристый,13020 сом,/images/product/119512/1680344767_50699100.jpg
Сотовый телефон Xiaomi Poco M5s 4/128GB белый,11490 сом,/images/product/123608/1689509417_11869300.jpg
Сотовый телефон Samsung Galaxy A34 5G 8/128GB зеленый,20380 сом,/images/product/119513/1680346426_77348900.jpg
Сотовый телефон Xiaomi Poco M5s 4/128GB серый,11490 сом,/images/product/123609/1689509435_19509000.jpg
Сотовый телефон Samsung Galaxy A34 5G 8/128GB черный,20380 сом,/images/product/119514/1680346515_08295000.jpg
Сотовый телефон Xiaomi Poco M5s 4/128GB голубой,11490 сом,/images/product/123610/1689509451_19775200.jpg
Сотовый телефон Samsung Galaxy A05 4/64GB черный,10060 сом,/images/product/131803/1705582634_16664700.png
Сотовый телефон Samsung Galaxy A34 5G 8/128GB фиолетовый,20380 сом,/images/product/119515/1680346619_72912000.jpg
Сотовый телефон Samsung Galaxy A05 4/64GB серебристый,10060 сом,/images/product/131804/1705582744_75249600.jpg
Сотовый телефон Samsung Galaxy A34 5G 8/128GB серебристый,20380 сом,/images/product/119516/1680346752_60909900.jpg
Сотовый телефон Samsung Galaxy A05 4/64GB зеленый,10060 сом,/images/product/131805/1705582865_04793500.jpg
Сотовый телефон Samsung Galaxy A54 5G 8/256GB зеленый,28200 сом,/images/product/119517/1680347866_91540700.jpg
Сотовый телефон Xiaomi Redmi Note 12S 8/256GB черный,16520 сом,/images/product/120541/1682596518_57590200.jpg
Сотовый телефон Samsung Galaxy A05 4/128GB черный,11040 сом,/images/product/131806/1705583068_87529600.png
Сотовый телефон Samsung Galaxy A54 5G 8/256GB черный,28200 сом,/images/product/119518/1680347963_43968000.jpg
Сотовый телефон Xiaomi Redmi Note 12S 8/256GB зеленый,16520 сом,/images/product/120542/1682596521_73710600.jpg
Сотовый телефон Samsung Galaxy A05 4/128GB серебристый,11040 сом,/images/product/131807/1705583161_24655600.jpg
Сотовый телефон Samsung Galaxy A54 5G 8/256GB фиолетовый,28200 сом,/images/product/119519/1680348047_89560700.jpg
Сотовый телефон Xiaomi Redmi Note 12S 8/256GB голубой,16520 сом,/images/product/120543/1682596528_54557700.jpg
Сотовый телефон Samsung Galaxy A05 4/128GB зеленый,11040 сом,/images/product/131808/1705583262_23046500.jpg
Сотовый телефон Samsung Galaxy A54 5G 8/256GB белый,28200 сом,/images/product/119520/1680348134_09776100.jpg
Сотовый телефон Samsung Galaxy A15 6/128GB светло-голубой,15800 сом,/images/product/131809/1705584025_59935800.jpg
Сотовый телефон Xiaomi Redmi Note 12 4G 4/128GB черный,12660 сом,/images/product/119521/1680349594_58138900.jpg
Сотовый телефон Samsung Galaxy A15 6/128GB черно-синий,15800 сом,/images/product/131810/1705584165_61677500.jpg
Сотовый телефон Xiaomi Redmi Note 12 4G 4/128GB зеленый,12660 сом,/images/product/119522/1680349596_61796600.jpg
Сотовый телефон Samsung Galaxy A15 6/128GB желтый,15800 сом,/images/product/131811/1705584281_84013800.jpg
Сотовый телефон Xiaomi Redmi Note 12 4G 4/128GB голубой,12660 сом,/images/product/119523/1680349600_34571300.jpg
Сотовый телефон Samsung Galaxy A15 8/256GB желтый,19040 сом,/images/product/131812/1705584479_52417400.jpg
Сотовый телефон Samsung Galaxy A15 8/256GB черно-синий,19040 сом,/images/product/131813/1705584585_58561000.jpg
Сотовый телефон Samsung Galaxy A15 8/256GB светло-голубой,19040 сом,/images/product/131814/1705584711_69675400.jpg
Сотовый телефон Samsung Galaxy A25 6/128GB черно-синий,21730 сом,/images/product/131815/1705589192_18714100.jpg
Сотовый телефон Samsung Galaxy A25 6/128GB светло-голубой,21730 сом,/images/product/131816/1705589477_65373300.jpg
Сотовый телефон Samsung Galaxy A25 6/128GB желтый,21730 сом,/images/product/131817/1705590059_25144400.png
Сотовый телефон Samsung Galaxy A25 8/256GB черно-синий,24600 сом,/images/product/131818/1705590445_76433300.jpg
Сотовый телефон Samsung Galaxy S21 Fan Edition 8/256GB графитовый,35110 сом,/images/product/103402/1644909138_14677800.jpg
Сотовый телефон Samsung Galaxy A25 8/256GB светло-голубой,24600 сом,/images/product/131819/1705590617_22244600.jpg
Сотовый телефон Samsung Galaxy S21 Fan Edition 8/256GB зеленый,35110 сом,/images/product/103403/1644909155_80889600.jpg
Сотовый телефон Samsung Galaxy A25 8/256GB желтый,24600 сом,/images/product/131820/1705590800_22128900.png
Сотовый телефон Samsung Galaxy S21 Fan Edition 8/256GB лавандовый,35110 сом,/images/product/103404/1644909175_73567400.jpg
Сотовый телефон Xiaomi Poco M5s 6/128GB белый,14280 сом,/images/product/116972/1675521699_51040500.jpg
Сотовый телефон Xiaomi Redmi 10 4/64GB NFC белый,10150 сом,/images/product/131821/1705620551_98636600.jpg
Сотовый телефон Xiaomi Redmi 10 5G 4/128GB серый,10960 сом,/images/product/132077/1705992567_12536000.jpg
Сотовый телефон Samsung Galaxy S21 Fan Edition 8/256GB белый,35110 сом,/images/product/103405/1644909189_58593300.jpg
Сотовый телефон Apple iPhone 14 Pro 1TB фиолетовый,113420 сом,/images/product/111085/1667890532_54111400.jpg
Сотовый телефон Xiaomi Redmi 10 4/64GB NFC голубой,10150 сом,/images/product/131822/1705620664_45241500.jpg
Сотовый телефон Xiaomi Redmi 10 5G 4/128GB серебристый,10960 сом,/images/product/132078/1705992575_14203200.jpg
Сотовый телефон Samsung Galaxy S23 FE 8/256GB кремовый,45170 сом,/images/product/129006/1699717273_96623600.jpg
Сотовый телефон Xiaomi Redmi 10 4/64GB NFC серый,10150 сом,/images/product/131823/1705620740_08378600.jpg
Сотовый телефон Xiaomi Redmi 10 5G 4/128GB бирюзовый,10960 сом,/images/product/132079/1705992579_79614300.jpg
Сотовый телефон Xiaomi Redmi Note 12 Pro Plus 5G 8/256GB белый,28380 сом,/images/product/121327/1684573112_74114400.jpg
Сотовый телефон Samsung Galaxy S23 FE 8/256GB серый,45170 сом,/images/product/129007/1699717490_86172900.jpg
Сотовый телефон Xiaomi Redmi 13C 6/128GB зеленый,12210 сом,/images/product/131055/1703354969_44195200.jpg
Сотовый телефон Xiaomi Poco C65 8/256GB черный,13300 сом,/images/product/131824/1705623090_91812900.jpg
 Сотовый телефон Xiaomi Poco X6 8/256GB черный,24510 сом,/images/product/132080/1705993153_04258000.jpg
Сотовый телефон Samsung Galaxy A24 4G 6/128GB темно-красный,16700 сом,/images/product/121328/1684700326_61333100.jpg
Сотовый телефон Samsung Galaxy S23 FE 8/256GB индиго,45170 сом,/images/product/129008/1699717608_90793400.jpg
Сотовый телефон Xiaomi Poco C65 8/256GB синий,13390 сом,/images/product/131825/1705623174_18629200.jpg
 Сотовый телефон Xiaomi Poco X6 8/256GB синий,24510 сом,/images/product/132081/1705993156_98906700.jpg
Сотовый телефон Samsung Galaxy A24 4G 6/128GB зеленый,16700 сом,/images/product/121329/1684700392_99420500.jpg
Сотовый телефон Samsung Galaxy S23 FE 8/256GB мятный,45170 сом,/images/product/129009/1699717730_31607000.jpg
Сотовый телефон Xiaomi Poco X6 Pro 8/256GB черный,28110 сом,/images/product/131826/1705625854_50110600.jpg
 Сотовый телефон Xiaomi Poco X6 8/256GB белый,24510 сом,/images/product/132082/1705993159_71492200.jpg
Сотовый телефон Samsung Galaxy A24 4G 6/128GB черный,16700 сом,/images/product/121330/1684700447_28979300.jpg
Сотовый телефон Samsung Galaxy S23 FE 8/256GB фиолетовый,45170 сом,/images/product/129010/1699717863_76321700.jpg
Сотовый телефон Xiaomi Poco X6 Pro 8/256GB желтый,28110 сом,/images/product/131827/1705625995_44993300.jpg
Сотовый телефон Xiaomi Redmi 10 4/128GB синий,11040 сом,/images/product/98035/1632068656_71722200.jpg
Сотовый телефон Xiaomi Poco C40 4/64GB черный,8900 сом,/images/product/109555/1660132485_31324400.jpg
Сотовый телефон Samsung Galaxy A34 5G 6/128GB фиолетовый,19400 сом,/images/product/121331/1684701034_01282000.jpg
Сотовый телефон Samsung Galaxy S23 FE 8/256GB оранжевый,45170 сом,/images/product/129011/1699717990_81288700.jpg
Сотовый телефон Xiaomi Poco X6 Pro 8/256GB серый,28110 сом,/images/product/131828/1705626079_77303100.jpg
Сотовый телефон Xiaomi Poco C40 4/64GB желтый,8900 сом,/images/product/109556/1660132500_42794900.jpg
Сотовый телефон Samsung Galaxy A34 5G 6/128GB серебристый,19400 сом,/images/product/121332/1684701126_57347700.jpg
Сотовый телефон Xiaomi Poco X6 Pro 12/512GB черный,32150 сом,/images/product/131829/1705626331_52960500.jpg
Сотовый телефон Xiaomi Redmi 10 4/128GB белый,11040 сом,/images/product/98805/1633257871_31192200.jpg
Сотовый телефон Samsung Galaxy A34 5G 8/256GB зеленый,24070 сом,/images/product/121077/1683996167_31137600.jpg
Сотовый телефон Xiaomi Redmi Note 12 Pro 4G 8/128GB черный,20470 сом,/images/product/121333/1684704374_86768500.jpg
Сотовый телефон Xiaomi Poco X6 Pro 12/512GB желтый,32150 сом,/images/product/131830/1705626406_42150800.jpg
Сотовый телефон Samsung Galaxy A34 5G 8/256GB фиолетовый,24070 сом,/images/product/121078/1683996304_43606600.jpg
Сотовый телефон Xiaomi Redmi Note 12 Pro 4G 8/128GB голубой,20470 сом,/images/product/121334/1684704448_76650300.jpg
Сотовый телефон Xiaomi Poco X6 Pro 12/512GB серый,32150 сом,/images/product/131831/1705626547_61167500.jpg
Сотовый телефон Samsung Galaxy A34 5G 8/256GB серебристый,24070 сом,/images/product/121079/1683996410_46920500.jpg
Сотовый телефон Xiaomi Redmi Note 12 Pro 4G 8/128GB белый,20470 сом,/images/product/121335/1684704523_26791300.jpg
Сотовый телефон Xiaomi Redmi Note 13 6/128GB черный,15530 сом,/images/product/132088/1705999148_91700300.jpg
Сотовый телефон Samsung Galaxy S23 Ultra 12/256GB зеленый,77950 сом,/images/product/118776/1679157700_75637200.jpg
Сотовый телефон Xiaomi Redmi Note 12 Pro 5G 8/256GB черный,23350 сом,/images/product/121336/1684705537_94721200.jpg
Сотовый телефон Xiaomi Redmi Note 13 6/128GB зеленый,15530 сом,/images/product/132089/1705999153_10099800.jpg
Сотовый телефон Samsung Galaxy S23 Ultra 12/256GB кремовый,77950 сом,/images/product/118777/1679157813_68212900.jpg
Сотовый телефон Xiaomi Poco M5s 8/256GB голубой,14010 сом,/images/product/121337/1684708317_26590300.jpg
Сотовый телефон Xiaomi Redmi Note 13 6/128GB голубой,15530 сом,/images/product/132090/1705999157_53071300.jpg
Сотовый телефон Samsung Galaxy S23 Ultra 12/256GB графит,77950 сом,/images/product/118778/1679158043_70638600.jpg
Сотовый телефон Xiaomi Poco M5s 8/256GB серый,14010 сом,/images/product/121338/1684708431_26906700.jpg
Сотовый телефон Xiaomi Redmi Note 12 Pro 5G 8/256GB голубой,23350 сом,/images/product/129018/1699725644_49953200.jpg
Сотовый телефон Xiaomi Redmi Note 13 8/128GB черный,16430 сом,/images/product/132091/1705999480_96865500.jpg
Сотовый телефон Samsung Galaxy S23 Ultra 12/256GB голубой,77950 сом,/images/product/118779/1679158197_62024500.jpg
Сотовый телефон Xiaomi Poco M5s 8/256GB белый,14010 сом,/images/product/121339/1684708514_88385500.jpg
Сотовый телефон Xiaomi Redmi Note 12 Pro 5G 8/256GB белый,23350 сом,/images/product/129019/1699725833_21287000.jpg
Сотовый телефон Xiaomi Redmi Note 13 8/128GB зеленый,16430 сом,/images/product/132092/1705999485_90715600.jpg
Сотовый телефон Samsung Galaxy S23 Ultra 12/256GB лайм,77950 сом,/images/product/118780/1679158341_46848200.jpg
Сотовый телефон Xiaomi Redmi Note 13 8/128GB голубой,16430 сом,/images/product/132093/1705999490_06233000.jpg
Сотовый телефон Samsung Galaxy S23 Ultra 12/256GB красный,77950 сом,/images/product/118781/1679158429_30785500.jpg
Сотовый телефон Xiaomi Redmi Note 13 8/256GB черный,17330 сом,/images/product/132094/1705999812_44180900.jpg
Сотовый телефон Samsung Galaxy S23 Ultra 12/512GB черный,89350 сом,/images/product/118782/1679158838_30447300.jpg
Сотовый телефон Xiaomi Redmi Note 13 8/256GB зеленый,17330 сом,/images/product/132095/1705999818_44178400.jpg
Сотовый телефон Samsung Galaxy S23 Ultra 12/512GB лавандовый,89350 сом,/images/product/118783/1679158910_78291100.jpg
Сотовый телефон Samsung Galaxy Z Flip 5 8/512GB мятный,66090 сом,/images/product/128255/1697901669_72793300.jpg
